,Asset1,Asset2,Asset3,Asset4,Asset5,Asset6,Asset7,Asset8,Asset9,Asset10,Asset11,Asset12,Asset13,Asset14,Asset15,Asset16
2024-12-02,1632.3314666477636,254.45913237758333,878.5913062404776,419.31696407771517,444.849634808827,260.79878915178847,179.26568186683792,520.352951328961,337.98022598870057,498.24531945260685,277.63,838.5612036988664,389.4261867501304,784.4245154709283,453.3213221431612,760.1849138490644
2024-12-03,1641.5219394626783,252.22491156209273,879.7616872920619,417.36942645482924,444.02568034725647,258.8558719960462,181.27274673517448,516.9701415257164,337.80131826741996,496.59138611367644,275.93,842.656078574787,387.29380397612005,781.6822509350562,450.80695432706926,763.8748446686574
2024-12-04,1670.5571701991921,252.28076708248,890.2815133235907,416.665890136514,443.7007771684038,257.84271328844136,182.38599871547848,519.252675181222,329.45856873822976,492.18369574343046,275.1,850.6629747662085,385.94118897196626,782.7303638218291,449.7977862920391,773.8535155887755
2024-12-05,1667.5019493868292,252.92000248246757,898.7443059917291,418.3012626380282,438.699867439503,258.4141595107185,181.4547206165703,512.9962029685882,330.56967984934084,485.29930316514145,274.32,849.8765303101545,384.9570123070384,779.4228153689222,449.1531350726753,772.787432535193
2024-12-06,1669.8305805628413,249.89759821262336,920.2668799166693,416.4795228998742,436.3137784940088,258.49447087168716,183.95953757225433,511.69744563341396,325.39077212806023,484.0483586600621,274.21,855.0911655608379,383.8598118201665,783.4461067664059,446.72657057714525,777.6992414266374
2024-12-09,1662.3024030623098,246.65177186123006,917.2022208575604,414.40618739225647,437.28328957970524,254.85574844010625,181.55105973025047,506.89074905074216,324.73634651600753,483.3095457980018,274.46,840.6419030701983,381.51915608879614,779.9869658846197,442.87386729915465,772.894448875123
2024-12-10,1641.4333309704405,244.62235462049279,918.4998911725381,416.46088617621024,435.2688898708185,254.58701427071105,186.28773281952473,505.7602692440457,322.7071563088512,478.79271261858787,269.98,834.6592828657506,380.0738035897138,776.6122634024708,442.66785258164566,771.0605189457871
2024-12-11,1665.974338980648,243.22596661081116,937.089662168465,413.8470856823371,429.5947807553349,255.24494965095445,192.03061442945835,504.77649292371416,322.77777777777777,477.00444966837375,269.33,844.0506417289239,378.75036225583955,781.0585968491442,440.17705102475213,783.7730214960031
2024-12-12,1658.2264124193666,242.9715136846025,929.2466030285128,414.5739179052323,426.0468380422634,254.2163464508556,190.54806251338042,501.35484984466694,320.6167608286252,473.7301653933339,269.11,837.8169026348328,377.36470951911747,775.0623370735577,439.7311926047558,778.5653875401081
2024-12-13,1667.1865031544623,243.15149258362814,933.1459298529276,413.76322042584917,426.0598341694175,253.5151664916291,188.41254549347033,500.0,318.5875706214689,469.97733187809587,267.55,846.5548647754383,376.2914662184354,783.0771846310778,438.7391291126923,780.0869855518669
2024-12-16,1683.9547742255616,241.1469000186185,949.422922950157,412.2583049899828,420.73921971252565,253.41632173966764,190.84243202740313,500.37538833275806,311.6195856873823,465.37654269162954,265.94,853.1630183027708,374.0147607179428,788.2885639805054,436.2791157331387,788.4233173210677
2024-12-17,1677.139009002623,240.22218084776267,952.1047425453189,411.74579508922335,420.5130871000442,251.66800518934946,189.70241918218795,495.86641353123923,309.24199623352166,463.13491730333305,264.52,844.3101196384724,372.1352808207268,784.8322566020628,434.5017636684303,786.0057124840033
2024-12-18,1626.9582476784576,234.4752684168063,906.980698672305,405.8286353259097,414.72461206560445,244.05078149132018,183.7079854420895,481.86486020020715,301.15819209039546,449.7439341784905,254.02,817.5051808508784,363.1132749859928,762.8952737164229,425.7921303898315,759.9925811896063
2024-12-19,1630.052456227405,235.60479116241544,907.6793321103199,402.84210035875697,411.6783198606815,245.0330512139371,183.51530721472918,481.36002761477386,298.1873822975518,444.9080681722777,249.72,818.0157776500705,361.8962885681717,759.4911027995014,424.85632183908046,760.6432108611385
2024-12-20,1655.0435953781812,239.20436914292807,908.9400788221759,403.3359735358524,416.68442804044395,248.43701735960957,184.3555983729394,486.77511218501905,300.8097928436911,450.44916463772984,254.26,826.6774637340438,366.1473366950675,766.3359968264762,429.221021103205,768.4511378600441
2024-12-23,1675.9055787906711,240.14150065164773,912.7160030782625,401.03433816335087,421.0121383827619,249.15364181133006,186.84971098265896,486.56368657231627,302.6553672316384,449.90345059188985,255.52,836.3704438987861,367.12475125099013,769.5545732743963,429.45288268564127,777.3166663575497
2024-12-24,1693.162968738924,241.4820331409421,936.6318094897548,404.2678097190514,422.7276271671042,252.14678445666274,188.74973239135088,490.4599585778392,304.7975517890772,452.6320208210897,257.35,846.4071887571181,370.17504202167737,776.0435792814235,432.5605880921973,787.8363354786061
2024-12-26,1694.4920961224925,240.82417923415875,930.6346390037623,404.40758514653123,423.4060250045486,252.67807499845554,188.08071076857203,490.7619951674146,304.48210922787194,451.80925195197716,257.71,846.5527750204621,370.5517880948241,776.0169443499943,432.565149303655,786.5007622827679
2024-12-27,1669.171333380591,240.12288214485199,912.9895292434937,402.0407212412058,421.2408702206742,250.63322419225304,186.04688503532435,486.78374180186404,304.4585687382297,449.2150113340609,255.15,837.0941957055535,368.00826909329777,769.1556160036267,430.49435930183057,774.8055974924422
2024-12-30,1650.9357056780323,239.19816297399615,898.4649497838998,397.209150631319,416.1255945728173,248.30728362266015,184.20573752943696,482.03745253710736,304.1996233521657,443.20376122911597,254.0,828.5551085801857,364.1125214938465,760.904454267256,427.0783920209207,766.4307138750303
2024-12-31,1633.7704685617073,238.906473034196,889.6468646030906,397.73097889391045,417.1107010110987,248.48335083709148,182.86234211089703,481.3816016568865,308.3097928436911,444.77373856099405,255.92,823.7556379847797,364.40959060260053,759.2723563413804,427.80552514747916,759.5612144592615
2025-01-02,1630.4210675551146,240.65661267299697,878.3848255651254,396.0396962214043,417.1704831960076,247.96750478779268,184.03446799400555,479.60390058681395,311.5160075329567,439.71119133574007,253.36,828.7083572784425,362.7175138623235,757.1123767426046,425.8616888645624,759.5753862418162
2025-01-03,1656.9008293754873,243.30044063799417,899.675655296788,396.4264082374319,421.287656278429,249.9258664360289,185.49561121815458,484.9283741801864,314.3126177024482,439.83712534631854,256.79,840.2486808421712,365.4284279062578,763.000396690468,427.82567049808426,772.7304412337483
2025-01-06,1680.7365137874815,240.63799416620122,905.1743571406362,392.5406513534921,421.2096795155044,248.88181874343607,189.4508670520231,483.90144977563,313.03201506591336,442.71681638821264,253.19,845.7503091095901,365.5592264147298,765.0694208319165,422.4316578483245,780.6633900254094
2025-01-07,1640.5330686893035,239.93669707689443,885.1620071670657,391.4736989237292,423.66594754763076,248.49879532958548,187.45450652965104,483.4095616154642,316.36534839924667,442.64965158257075,251.36,835.0890758058617,364.58722154601134,760.6253541879178,422.47422915526363,766.0356102898901
2025-01-08,1642.0925781526903,239.91187240116676,887.3077057616367,393.2674835763873,425.91947599615315,249.2524865632915,186.06829372725326,485.39868829823956,316.0546139359699,444.81571656452024,252.47,838.1707678108075,364.98464035240244,761.6989686047829,425.1661041172535,767.5609084333329
2025-01-10,1605.5149925568867,238.5403090672128,878.670011815553,388.82728416344406,423.46840641488836,243.14573423117315,184.20573752943696,480.03106662064204,317.13747645951037,440.4583997985056,246.26,828.4276335266356,359.0612260669642,748.8518644452,417.516192300675,756.3095387354638
2025-01-13,1591.6211809739848,235.69788369639423,882.8486948477971,388.6036434794763,428.8591999584124,244.8199172175202,183.3119246414044,485.57559544356224,324.27024482109226,450.2140878179834,249.34,827.6631314978317,361.584072335246,751.0115606936416,420.23125342090856,753.7200474803866
2025-01-14,1590.0297724533918,238.75131881089803,879.9997473648208,388.6176210222243,424.80960673719227,247.96132699079507,181.53500321130377,491.18916120124277,327.3210922787194,455.80555788766685,251.54,827.6582554028873,363.2214687300759,753.6679700782047,423.4792160797908,752.223675278669
2025-01-15,1625.3810165166233,242.23297958170423,906.5337287397781,388.2495457298607,425.83890000779763,254.3522579848026,186.3573110682937,494.49861926130484,331.8832391713748,459.9445890353455,252.65,843.3491806419031,367.753434185359,762.9731950583702,426.05325974578847,770.0917818127864
2025-01-16,1604.2851066846247,248.47638552721406,898.3833291875253,390.3881097703024,427.63236555506455,255.86890714771113,184.58574181117532,500.35381429064546,333.954802259887,463.6722357484678,258.29,845.6409452658343,367.9456712842211,765.6468888133288,431.9090950556468,766.5934677374483
2025-01-17,1630.8251222797194,248.71842611555888,913.763953235285,393.71010576340683,424.74982455228337,257.9817137208871,186.60886319845858,503.1670693821195,336.60546139359695,466.91293762068676,258.18,855.0145412117096,370.3809965416642,771.1104499603309,433.2466703156358,776.6494797559212
2025-01-21,1636.9710073013398,252.57245702228016,922.9608454339107,395.6017332153008,431.7599355392093,260.1470315685427,188.33226289873687,513.3974801518813,334.4538606403013,472.8150449164637,262.91,867.2047785730456,373.095113893236,778.0352487815935,437.669144924892,784.4887512287405
2025-01-22,1677.7486354292198,247.0737913486005,922.3336300177233,394.5580766901179,430.6682608582642,259.07209489096186,190.4731320916292,512.543148084225,328.60169491525426,469.0873982033415,258.27,873.3430855232223,372.7782607855638,783.7937776266575,433.3671623183117,794.3370365561883
2025-01-23,1679.7192882965903,248.22813876993732,926.0565980535431,396.1654941061361,436.4723312452889,260.62272193735714,192.01455791051166,517.4404556437694,330.07062146892656,471.4633532029216,260.4,879.2306218762516,375.0163256631697,788.8614983565681,433.3572796934866,798.0596101415139
2025-01-24,1661.4659388955838,250.87196673493455,921.0335305183297,397.5818851045986,437.05975619265456,261.1910792611355,194.10190537358167,515.252847773559,326.8502824858757,470.36352951053647,261.21,878.5796632011563,374.2359782839699,785.744077978012,434.69523505443044,795.222286106423
2025-01-27,1568.6857588431278,245.03196176999938,923.7556745747955,408.8943763686344,446.6353026798014,264.1656885154754,192.53907086277027,508.4699689333794,324.439736346516,470.69095793804047,263.82,850.8322449192832,377.79420004250466,785.166043295931,441.1284437146506,766.2190032828237
2025-01-28,1625.0868363223933,241.63718736424005,926.8528847050776,402.74891674043704,443.66698723780314,263.628220176685,194.9743095696853,505.21660338280986,321.0687382297552,469.0454201998152,260.54,861.4600421433919,376.7934079097355,787.1832143261929,435.8032293377121,781.9392770369273
2025-01-29,1607.3332388176084,242.0902376962701,922.2432643574516,403.8112099892839,441.1353416681829,263.56026440971146,195.57375294369513,503.2965136347946,321.6431261770245,468.0967173201242,257.44,859.0491614858157,375.99625185957996,786.8873965771279,434.0657878732591,776.4161581690378
2025-01-30,1598.39086978096,247.26618258549,927.830874350922,408.1489074220752,446.23762118888567,266.04373880274295,197.8109612502676,509.0610976872627,323.3333333333333,472.7982537150533,260.95,872.4336938160667,376.6085125292219,796.8573614416864,438.7239250744998,783.1605986979988
2025-01-31,1585.8226412419367,245.72084652144233,928.7107249463636,405.2089642640824,444.66508980323863,264.38191141039107,199.27745664739885,505.4107697618225,314.4774011299435,469.3392662244984,260.37,867.6885568500427,374.4871423327344,789.6622464014508,436.31104421334305,779.6323979449895
2025-02-03,1557.2091869284752,246.86278160491528,916.1926518143093,407.98117690909936,446.4351623216281,263.25446345833075,199.15435666880754,500.18553676216777,315.78625235404894,469.57434304424476,259.83,866.0327743238772,372.23226878417273,788.3900034002039,437.5114030286444,772.5529981267504
2025-02-04,1580.1304317005743,244.68441630981195,929.3340536674855,405.9078414014816,445.2369193980194,262.52857231111386,202.1034039820167,500.5264066275458,322.66007532956684,470.892452354966,259.84,872.1195339846402,373.24639193183793,788.4242887906607,436.12707535121325,781.3691414581673
2025-02-05,1604.9549868859433,247.21653323403464,914.5558673548708,409.51404743046174,449.7803654510956,265.348736640514,196.45686148576323,501.00103555402137,323.00847457627117,470.7413315422719,263.96,883.6114448914199,374.67281052570564,795.3592882239601,440.10977315575013,784.487081996402
2025-02-06,1615.471042744737,247.06758517966858,918.6548731382732,413.13423100218984,445.5618225768721,267.57583245814544,197.4630700064226,503.0937176389368,317.6977401129943,472.31970447485526,264.76,891.0377374919457,374.21859000367084,795.6327212966112,440.70197044334975,790.859840124636
2025-02-07,1599.018217906004,246.31663873890648,895.486283853114,411.49885850067557,443.28490109947234,265.9943164267622,195.0492399914365,501.38073869520196,317.6035781544256,466.68625640164555,263.66,883.7075736203263,370.68432543132593,791.1631531225206,439.4119078027124,783.3609065786302
2025-02-10,1622.25490891047,248.94184819710793,899.9205170859116,414.7276708754601,443.03537545811344,263.90004324457897,196.1785484906872,505.94580600621333,324.4491525423729,469.0957938040467,264.15,890.6479981888791,372.2380648776058,796.7035022101327,441.1067779602262,790.4243559545228
2025-02-11,1625.2250655702844,250.17066964562775,888.8706430148317,418.49694823650003,442.06326514698617,264.5950454068079,195.9162920145579,506.06230583362094,326.9067796610169,471.6144740156158,265.62,890.6640196436967,374.09880407272163,798.1287543919301,443.23458310527275,787.3431385277372
2025-02-12,1624.4559438576593,249.81691801650842,886.2199169801934,419.47071704794297,441.5668130896992,263.4984864397356,195.99122243630913,503.11529168104937,318.10734463276833,468.39895894551256,263.2,887.1152674015639,372.68648930620765,796.581944916695,442.01635954509516,785.9565628651445
2025-02-13,1649.2167009286172,250.17687581455968,900.3995522527285,423.5288636257746,443.318691030073,265.4074257119911,198.11068293727254,503.58992060752496,320.55555555555554,476.40836201830245,265.41,894.7749159744353,375.6137096930002,804.5622237334239,445.6763516389953,796.0049706029639
2025-02-14,1659.137307719572,248.8984050145845,897.9815420851342,418.6274053021479,438.3775634860811,265.7842713288441,198.9242132305716,502.14877459440805,320.97928436911485,474.84678028712955,264.23,893.1570973303379,374.7860275507641,801.2643091918849,441.9658061181049,797.4950386705493
2025-02-18,1668.324236194797,251.2319245329858,893.3481157302322,419.1305968410754,437.2417019728121,267.82603323654786,196.41404410190538,506.0234725578185,325.36723163841805,480.6817227772647,265.3,892.7443707225327,376.602716435789,802.4753485209111,443.49419205741043,797.7055474154719
2025-02-19,1670.776919259942,252.36144727859494,893.6439903920898,422.4246377486838,442.7416629844306,267.73645518008277,196.4193962748876,506.45063859164657,327.6412429378531,475.09864830828644,265.73,892.838409696463,378.2692865008984,805.1263742491216,445.5197500456121,798.1102435224514
2025-02-20,1669.76678244843,252.40489046111836,883.8121093871459,418.3758095326842,445.1927325656954,263.57879780070425,195.08670520231215,503.02899551259924,330.8286252354049,473.85609940391237,267.56,882.5623878933528,378.04884174732894,802.1112433412673,445.9447029130937,791.9079325630134
2025-02-21,1628.8828241298645,252.36144727859494,859.3235012903828,422.5644131761636,443.0873599667299,260.4713659109162,191.61314493684435,491.79754918881605,324.3738229755179,465.3093778859878,265.41,865.2794176549467,374.112328290732,792.7615323586081,446.73151188955785,773.5341358013243
2025-02-24,1605.6638548238463,251.07677030968784,851.8119772395137,423.00237618226714,446.4273646453357,261.65132513745596,190.39820166987798,489.65740421125304,324.71751412429376,464.4782134161699,266.35,858.4553227800707,374.4386483510114,791.1328346367447,449.06191084352,765.4663649683774
2025-02-25,1583.6641383710214,249.79209334078075,844.6869364292155,430.15421888831946,450.24562680321264,261.38259096806075,187.49197174052665,492.24197445633416,319.93408662900185,468.2058601292922,269.4,856.8590982707276,374.9009834038524,792.8009180550832,453.35933223864254,757.6063208264555
2025-02-26,1597.73162259871,250.7292248495004,841.4038936911165,422.1683827983041,447.16034621682735,260.82350033977883,187.65253692999357,492.5526406627546,318.3757062146893,467.87003610108303,267.82,865.0269055953189,372.3733070577097,792.4266122634025,449.6339627805145,762.6911734703341
2025-02-27,1537.1553129651948,245.14367281077392,826.3837606106775,422.24292969296,445.3252930626673,262.31852721319575,184.21108970241917,490.705902657922,319.91054613935967,464.629334228864,268.87,848.7567699353917,370.4978844258969,782.7544486002494,450.08818342151676,742.8015282749412
2025-02-28,1563.5110228964345,248.60050890585242,841.2338507820031,427.8712202394819,450.77846801653106,267.75807746957435,186.7319631770499,497.2989299275112,324.8022598870056,468.6256401645537,271.05,864.9537641711509,375.37877470584823,794.8095885753145,455.7437055281883,756.4970232023296
2025-03-03,1508.4071737435318,249.0721777446782,821.8256389726688,430.4663840096911,452.3769916564863,265.4568480879718,184.20038535645472,490.07594062823614,313.394538606403,458.8279741415498,273.14,846.0787489333542,371.75196584168935,786.3631984585743,458.64463601532566,737.4278984364857
2025-03-04,1508.5914794073865,244.81474585738223,808.1201804981189,422.79737222196337,448.1896394874327,256.0696855501328,183.45643331192463,480.47980669658267,310.69679849340866,452.48929560910085,269.84,832.482803058008,365.9674645955293,776.6218973138386,450.96621662713613,730.7943691229112
2025-03-05,1529.5420713121146,243.14528641469622,822.2386003233729,424.6284303219494,452.6940971590466,257.6759127695064,186.20209805180903,488.11270279599586,306.0028248587571,464.40265300982287,272.56,842.7678804660154,369.04596302092386,784.4043975971891,452.3630876360761,740.8917410093293
2025-03-06,1489.040901680017,238.15552659343388,798.1498359814683,424.1764897730979,451.4464689522522,253.3730771606845,182.166559623207,483.62961684501204,307.5423728813559,461.9343464024851,264.99,819.4500461487557,366.65179002685517,770.8891533492009,449.7506537736423,719.6090286922494
2025-03-07,1510.4947898206565,242.54328802830014,795.702675600883,421.6046219074687,451.5634340966392,251.9089392722555,183.06572468422178,489.4200897480152,312.59416195856875,463.0929392998069,266.57,819.2469916235655,369.39372862690544,772.7527484982432,453.74361430395913,722.1933712929132
2025-03-10,1444.956404621819,245.06299261465898,764.664014645067,418.7066113777198,446.6145088763548,246.13578797800704,176.5842432027403,481.57145322747664,315.52730696798494,453.2952732768029,263.84,797.4038277345313,363.5694275391719,757.868072084325,452.95376451985646,694.7161377673091
2025-03-11,1439.4166016871059,242.82256563023645,762.6764559559715,413.75856124493316,441.59020611857665,244.02607030332982,175.3318347248983,474.1542975491889,312.49529190207153,449.61800016791204,261.11,797.6173310346029,358.4754342239996,749.9705315652271,444.90132579213036,693.9848285327448
2025-03-12,1461.8806266392571,241.9288773040402,770.43527098038,405.3860131388902,437.0987445741169,244.5079384691419,177.83665168058232,474.17155678287884,313.86534839924667,447.5946603979515,260.11,805.0331748602476,356.44641511621165,750.4516604329593,439.75475886395424,704.6833095313167
2025-03-13,1435.8970723754164,242.58052504189163,750.5713441746215,402.5206168755533,434.88160528162604,243.16117872366712,173.08927424534357,469.1706938211943,311.8596986817326,446.9901771471749,254.91,794.5203141598313,353.4196951254854,737.214666213306,439.69432281213886,691.1745831555911
2025-03-14,1479.4499184801873,247.1730900515112,766.6564317029943,403.65745701905604,438.18522080420036,248.75826280348426,176.59494754870477,477.81325509147405,320.6214689265537,452.8670976408362,259.59,812.9690193824774,359.20226434050113,750.444293324266,444.2479322508058,709.2225086707347
2025-03-17,1482.1223506060821,248.15987091168623,763.3022138615092,409.9147369892373,443.1575390533621,251.66182739235188,176.79833012202954,484.25526406627546,325.6214689265537,458.0303920745529,263.87,818.4560193650627,362.89167101373675,758.0610336620198,448.7616310892173,711.0965001761967
2025-03-18,1457.7266605231446,246.53385465152363,748.8364206647805,404.59861156408704,443.68258259038805,251.33131525298077,173.0196959965746,480.5143251639628,326.35122410546137,457.60221643858614,262.19,807.3225014367065,361.60165381865954,750.1802108126486,447.7786900200693,698.5436875197064
2025-03-19,1478.3937052527117,247.25997641655806,763.0554087248531,405.08782556026654,443.7501624515894,253.953790078458,175.25155213016484,486.7233344839489,331.53954802259886,459.13861136764336,262.38,818.2787384845792,363.72824049923685,756.0039102346141,448.94217904275376,709.5218576701227
2025-03-20,1471.0923654923088,248.28399429032459,761.5935255433599,402.9772166053208,444.24921373430715,254.44183604126766,174.6895739670306,484.49257852951325,332.9143126177024,456.29250272857024,262.13,816.6943559201017,362.9478931200371,752.840870452227,448.11431916316974,707.9449895209304
2025-03-21,1478.3618061955058,246.65177186123006,766.3901930910108,402.6231188557052,442.90021573571073,253.45647742015197,176.42903018625563,481.8691750086296,330.8521657250471,451.73369154563005,259.45,816.3760165787229,362.3205626074692,750.9735917488382,445.0537462750106,710.3203071387503
2025-03-24,1503.6683915786489,246.6269471855024,797.5614875159355,405.2695336159903,446.28440724664046,258.0002471118799,180.14343823592378,490.8871246116673,334.1760828625235,457.35034841742925,263.16,840.0696584992075,366.2767827817384,762.8442706562394,448.07364836100464,727.5351002466755
2025-03-25,1508.0066633586162,242.65499906907468,805.3543111221666,401.36514000838656,440.5141267902165,259.2636065978872,182.71783344037678,491.3962720055229,335.73446327683615,457.48467802871295,259.96,843.303206032426,365.89501342761645,763.3299331293211,446.58593322386423,730.52265519224
2025-03-26,1470.872616431559,244.36169552535222,791.944241472591,407.0819549923124,438.9052062485379,258.6334713041329,178.9980732177264,488.190369347601,337.74952919020717,458.3074468978255,261.3,825.8990300053986,365.83917772754495,758.5288450640371,450.6963449492185,714.6374983771352
2025-03-27,1459.8568086765436,244.27480916030535,792.6725109604802,411.163397474724,439.7213630338159,258.04349169086305,177.49411260971954,485.6791508457024,334.87758945386065,458.17311728654187,260.64,818.3274994340247,365.8337680403408,758.9244021307945,452.76979565772666,709.9604948346532
2025-03-28,1424.3992344226272,246.13045367094892,766.7676883492429,409.257792480082,438.5049255321914,253.04256502131338,170.72896596017983,475.78960994131864,333.4039548022599,450.2224834186886,260.61,799.6433484840569,360.43200216387487,744.6033095319051,450.59485799428325,692.4541424782536
2025-03-31,1424.81746650599,248.74945696021845,765.3849965797084,415.9297395517868,442.45574818704023,256.2117748810774,171.13573110682938,478.82292026234035,336.98210922787194,455.0247670220804,262.9,802.0775647388677,363.6132846461485,751.131417885073,456.33286200814933,694.0124636014616
2025-04-01,1438.332033742114,249.5004034009806,774.0737033985262,417.10385314261754,434.7308502066384,255.79786248223883,172.87518732605437,481.69658267172946,338.9406779661017,456.48560154479054,263.13,808.6871114361841,363.33545856759207,749.8603082851638,456.262163230554,699.8110058052191
2025-04-02,1446.3989508754519,250.60510147086205,789.7375703491807,416.34440665331033,437.46263613443193,258.0929140668438,172.63969171483623,486.1882982395582,339.1666666666667,460.07052304592395,264.37,817.8935269839611,365.0690701134102,753.4381729570441,456.8638630420239,705.8862696366639
2025-04-03,1347.1397178705608,249.07838391361014,738.8126340909798,419.2144620975633,433.98747173342343,245.1535182553901,164.40269749518305,459.90680013807395,313.69114877589453,440.7942238267148,256.5,767.7885167964056,349.88504414691164,725.8925535532132,452.81958888280724,666.9514253389469
2025-04-04,1261.9196143758418,235.1765655061131,705.5541844159075,400.15375297022786,410.1161853767577,227.03095076295793,156.36908584885464,430.9932688988609,286.4030131826742,413.08034589874904,244.64,714.4360273757902,329.50501362081957,682.3914768219425,427.5960895213769,626.091585214311
2025-04-07,1265.9424399234424,231.58319369453238,701.7768026491714,395.4433210641569,407.67031424635456,226.70043862358682,157.9800899165061,429.08180876769075,283.7099811676083,406.24632692469146,238.77,724.2383713842885,326.47172472420255,679.675280516831,420.15219242230734,628.9832520355362
2025-04-08,1238.4986177075211,230.45987711785514,683.9752534125182,390.08992219167874,403.3556000311907,225.77376907394822,156.00513808606294,425.24594408008284,276.6713747645951,394.20703551339096,232.9,716.6947042125977,320.81608995537005,671.1118667120027,415.8920209207565,620.1266761874733
2025-04-09,1413.7378606365635,239.47123440700057,761.6785469979168,406.53217164422495,420.84838718062014,242.9171557422623,171.590665810319,463.39748015188127,297.3305084745763,428.21761397027956,246.27,797.5518520453477,345.0190305067718,726.7372208999207,434.2588791583044,691.2830832575996
2025-04-10,1349.3655631955767,237.96934152547632,730.3187478623178,407.37082420910406,409.14407506563043,235.8930005560017,164.49368443588094,451.29875733517434,278.3145009416196,415.3807404919822,241.16,766.2023927694478,334.76883247357944,705.7641958517511,430.05344219424677,664.1137303633363
2025-04-11,1383.9299638477353,240.78694222056725,738.302019526756,412.45864976937054,415.08590440048863,239.83134614196578,166.3080710768572,459.12150500517777,285.2777777777777,427.7810427336076,244.25,778.164846838375,340.43045653895945,717.4736484189051,436.57179346834516,676.8866962182615
2025-04-14,1392.6596725030126,245.0071370942717,737.5582032586051,419.2144620975633,419.98284511215655,242.30864273799963,166.73089274245342,463.90231273731456,285.9934086629002,432.44899672571574,249.51,781.4220782613238,344.06673235572555,723.7135894820356,442.6211001642036,680.4748038652003
2025-04-15,1397.3736442900688,245.11884813504625,731.6713177450949,416.4236127288823,417.0795103059288,242.86155556928398,165.80496681652752,461.44718674490855,285.6308851224105,429.7120308958106,250.09,784.4731205266182,342.6847504781777,723.2996146435453,440.68866690993127,680.8131016191554
2025-04-16,1342.2733394768554,242.82877179916838,711.9609153944219,411.62931556632344,412.90255503859845,239.05294372026935,161.69449796617425,455.0828443217121,287.9048964218456,426.38737301653936,249.7,764.7653379307942,337.2480148379991,709.8189391363481,436.6147448762391,661.2485857892686
2025-04-17,1333.3345147798966,245.32365170979955,714.421193370853,420.62153473419374,410.272138902607,239.71705689751033,161.41083279811602,457.6889886089058,294.4538606403013,429.2670640584334,253.73,765.2971805722445,338.00479143723794,713.6968718123087,440.167168399927,661.5316134057904
2025-04-21,1297.0759197561495,239.4464097312729,693.964545567613,415.0025625495038,401.53614222961556,234.5678631000185,157.84628559195033,447.3507076285813,287.03389830508473,422.2987154730921,248.44,744.6472667746374,331.6157576460132,698.5971324946163,432.58035334184757,642.9120685498082
2025-04-22,1328.8828241298647,246.06839198162976,716.4034078542335,421.6698504402926,408.7671873781613,242.26848705751527,162.42239349175767,455.2554366586123,294.5668549905838,432.239106708085,253.63,766.4817233512705,339.2892057419965,717.448713589482,440.876816882564,660.3203071387503
2025-04-23,1367.6543559934785,247.0737913486005,736.2066050495943,419.8853841494665,410.95573519091306,245.13807376289614,166.11004067651467,460.9250949257853,293.771186440678,432.3230627151373,253.95,786.4768472563258,342.31573252960834,723.9844724016773,440.25725232621784,676.3677504312184
2025-04-24,1416.0594031331964,247.52684168063055,752.8261131494668,415.86917019987885,416.03722090816933,247.8810156298264,169.9421965317919,471.1986537797722,298.08380414312614,441.0712786499874,254.59,804.4194834822283,347.04862922390305,735.4017907741131,439.90299823633154,694.300498914999
2025-04-25,1439.0586233784647,246.5897101719109,767.5459990360997,414.88608302660396,418.14259350713485,246.85241242972756,171.67630057803467,471.2676907145323,297.7448210922787,437.86415918058935,254.27,814.8257666788569,346.97656446221913,738.6753371868978,437.8972054977802,704.4718734350947
2025-04-28,1434.8054157510458,248.3212313039161,766.8228308354838,414.26175278386063,419.70472799105863,247.63081485142396,171.75658317276816,472.73041076976176,299.6186440677966,438.5358072370078,256.01,815.7511798408302,347.8650553526923,739.9951830443159,439.36325488049624,703.6435632546322
2025-04-29,1441.3730771957185,250.07137094271707,771.3276075837194,417.4393141685692,421.7451199542536,250.02162228949155,172.61293084992508,475.73783224024857,298.51694915254234,442.59088237763405,257.91,821.3555543945805,349.6025696014219,745.5040802448146,442.4869245271544,708.2664094812397
2025-04-30,1447.3630112710002,248.861168000993,762.8026763782221,420.41653077389,425.50359992722167,250.54364613578798,172.16870049239992,479.5521228857439,290.71092278719397,444.8492989673411,259.37,820.1560350382251,350.1707335922255,749.8248894933696,445.25900079060995,709.2189847357978
2025-05-01,1479.4144750832922,249.61832061068702,770.3880476353347,417.1224898662815,413.62773893379773,250.34595663186508,174.8447869835153,482.89609941318616,291.78907721280603,442.62446478045507,259.76,829.853891297912,350.7354237910315,750.2436812875438,441.77271483305964,716.8392158317415
2025-05-02,1496.7321188062665,251.38087258735183,779.596016914897,419.6151516563388,419.48899228030047,255.72990671526532,178.87497323913507,491.64653089402833,295.80037664783424,449.98740659894213,263.01,847.6544241854309,354.4950385440213,761.4045676073896,445.5319132761661,730.0977428269377
2025-05-05,1483.9795846033883,250.6547508223174,769.3237733590373,419.6943577319107,418.0308268136095,253.80552295051584,178.7732819524727,491.47393855712806,289.82109227871945,447.03215515070104,262.62,844.1809031224421,351.9272628914778,758.7031055196645,443.9237061363498,726.0250013910271
2025-05-06,1474.679237258099,253.72680444361697,762.7820768943751,418.9861622326795,406.51365892963895,252.48347439303143,177.8848212374224,487.27994477045223,290.1035781544256,444.09369490387036,260.81,836.8772094805219,349.58045750497496,754.3732290604102,443.1570425104908,719.7449783927148
2025-05-07,1488.0413978875733,254.46533854651526,770.5257823917167,419.84345152122256,409.80947677592076,254.04336813492307,174.6039391993149,489.77390403866065,290.32956685499056,441.8688607169842,260.75,845.1540323563728,351.5016615467841,761.8301598095885,445.7059995134708,722.1028618061094
2025-05-08,1500.630892464734,252.28697325141192,780.9570403594415,417.7840935563528,406.061393704676,255.85346265521713,175.64761293084993,496.3194684156024,293.9783427495292,447.14969356057424,259.34,852.190585653832,353.2541200564153,762.9267256035363,443.9286474487624,726.839772242521
2025-05-09,1500.5706386900122,252.71519890771427,785.903442834489,415.22154405255554,401.6037220908169,255.94304071168222,174.5504174694926,496.8458750431481,297.0527306967985,448.2914952564856,261.02,851.9283214043154,353.2283564211055,761.3989006007026,443.30794258955177,725.8896081013411
2025-05-12,1570.49691642447,251.00229628250483,830.3472664873605,415.50109490751527,411.3534166818288,261.1354790881572,180.40034253907086,512.0296858819469,304.4020715630885,456.81302997229454,261.11,882.0375111018233,362.5062597809076,782.1449620310551,443.9837620872103,753.7949069866647
2025-05-13,1605.8339831289431,250.7912865388196,842.0811503062715,410.3340632716768,399.139656382398,262.13628220176685,182.67501605651896,515.7102174663445,308.4322033898305,454.42028377130384,257.71,900.1661355206102,361.12115767306165,784.9453133854697,440.0079060998601,766.9733108296085
2025-05-14,1621.2979371943009,249.55625892136786,845.2706694443581,408.8011927503145,389.9383983572895,261.40112435905354,185.56518946692356,513.259406282361,306.6101694915254,450.05457140458395,255.39,906.5910871950264,359.1008327054232,783.1868412104726,437.03285592653407,772.3538030676782
2025-05-15,1620.8371730346637,254.85012102029418,839.4824088181338,416.97339607696966,394.9133158318821,263.0783962438994,184.77842003853564,518.9678978253365,306.97269303201506,455.2178658383007,260.08,905.4051512460164,362.2125620665005,791.743171256942,445.32741896247643,772.4142663723873
2025-05-16,1622.7617494860708,258.46211133867064,846.5780564969995,421.4881423845688,402.64081303771474,264.9039352566875,185.9880111325198,524.3398343113566,306.4077212806026,459.3485013852741,263.37,911.0603765041882,364.9384648080527,797.5663039782388,449.87760749255,777.4625813750765
2025-05-19,1621.9004749415185,259.33097498913924,844.3135707844905,423.2446535898989,406.49806357705404,264.8823129671959,186.27167630057804,526.3375906109768,301.6666666666667,460.9436655192679,263.93,911.723525416645,365.36911455012654,800.4247421511956,451.8317065012467,777.9318211324814
2025-05-20,1614.5353370667046,260.0943337677652,839.370180498119,424.24171830592184,407.6027343851532,263.4305306727621,184.84799828730465,524.4002416292716,298.67702448210923,460.12089665015526,262.47,908.0128171638542,364.6123379508877,798.8178624050776,451.3018457702366,773.6374427360573
2025-05-21,1585.8120082228681,255.1231924532986,823.3312474736482,420.33732469831807,397.9336157824968,258.03113609686784,186.07899807321772,515.5721435968244,293.3145009416196,454.42028377130384,255.56,892.4754889155913,358.02565737359686,787.792700895387,445.38975551906583,762.5125656101044
2025-05-22,1587.7224073155173,251.52361447278597,827.9685605236156,418.60876857848393,394.9133158318821,257.7346018409835,186.6677371012631,515.5505695547117,292.015065913371,454.1096465452103,254.51,894.0365358828343,356.8364922042543,786.4365861951717,442.6845770236575,764.160283398557
2025-05-23,1566.6335861628982,254.44051387078758,820.4103961319611,419.9273167777105,394.03997608712604,256.73070982887504,184.8265895953757,513.4665170866414,292.84369114877586,453.64788850642265,254.62,890.9785277676192,354.9013698100813,780.4425932222601,443.3322690506598,758.1478939851996
2025-05-27,1606.5393067271566,256.4078694222057,845.3586059202139,423.7804593952383,399.5217425207288,261.33007969358124,188.78184542924427,522.6700034518467,295.31073446327684,461.2459071446562,258.81,911.4163314351392,360.8276821422361,795.5086138501644,447.77716961625003,776.2364374872491
2025-05-28,1601.0243141702701,252.72761124557812,837.4584123627997,421.39961794716487,397.23442414160576,259.50145178229445,188.46606722329264,519.951674145668,291.6242937853107,455.3773822517001,258.77,908.1535273322537,358.18582275546277,792.1137934942763,444.2255062944718,773.1314798672034
2025-05-29,1610.484156801588,254.47775088437908,839.1986800783558,422.5178213670037,400.1585527512801,260.7709890652993,187.7970456005138,520.370210562651,293.58286252354054,456.76265636806306,261.22,911.1739198578966,359.67831681446705,793.2964977898674,446.7721826917229,776.1253408016025
2025-05-30,1603.6045934642377,257.23328989015084,834.365088927583,427.40996132879843,401.1774491201622,261.2991907085933,188.72297152643972,520.9311356575769,291.59133709981165,457.2915792124926,261.57,912.5848527593473,359.97430398578024,795.5701008727191,449.29491272882075,775.4331657918655
2025-06-02,1617.9343588289503,257.6987525600447,835.6559575261964,428.2020220845175,401.2034413744704,261.5092358065114,189.88439306358381,519.6927856403175,294.94350282485874,459.4996221979682,261.76,921.9215297006426,360.5400027048436,797.7414144848691,449.00983701271053,780.3731661628058
2025-06-03,1641.830297015666,258.2759262707131,838.2828775535587,427.54507757536226,401.952018298547,261.97565947982946,188.45536287732818,523.6451501553331,298.2203389830508,463.94089497103516,260.73,927.7512494993297,362.352054715122,802.0460727643659,447.7726084047923,785.4378025483614
2025-06-04,1645.594385765932,253.89437100477875,836.323983240571,425.029119880725,402.8175603670106,260.5115215914005,191.0297580817812,524.1025198481188,292.5894538606403,465.55285030643944,261.62,927.6847256325863,361.38507312737875,804.0867618723789,445.1442103022563,787.4149155182967
2025-06-05,1639.0160913021905,253.47855768634022,815.6671706414602,419.95061268229045,402.48485951186547,259.82269722616917,191.14215371440804,523.6278909216431,292.1139359698682,462.91663168499707,261.43,916.3808926736674,360.57883653084485,801.4459367562055,443.79447181171315,781.1343361092048
2025-06-06,1651.7615368256895,254.53981257369827,829.0293367743541,420.70074080976565,406.2095495542328,262.98264039043676,194.74416613144936,528.0807732136694,297.9143126177024,463.84854336327766,262.23,925.4716751127596,364.2211016441585,807.2523518077751,445.43232682600495,789.2879796724596
2025-06-09,1655.8375274686327,252.86414696208033,837.9512938807871,419.70367609374273,405.57793777454316,261.54321368999814,195.00642260757868,527.6104590956162,298.58286252354054,466.703047603056,262.05,925.4138585584174,364.7307714600359,802.57225433526,443.13955786656936,789.6791364504702
2025-06-10,1663.418870064507,253.34202196983802,847.9315980535431,420.379257326562,409.9966210069399,261.6976586149379,197.1151787625776,525.297721781153,303.86534839924667,469.30568382167746,264.23,927.6815910001218,366.7999768156262,804.4457667460048,444.2106823572341,793.8731754363188
2025-06-11,1658.7367973346566,253.45373301061255,839.2861307173284,418.79513581512373,410.15257453278923,261.33007969358124,195.97516591736243,525.4401104590956,308.3851224105461,464.70489463521113,262.79,927.8000104487749,365.4678413416024,801.8151422418679,442.8579030590525,792.3246842368827
2025-06-12,1675.5476004820305,256.6499100105505,835.8672965703803,420.7613101616736,413.4951784368258,261.48761351701984,194.82444872618282,524.197445633414,309.63747645951037,467.1144320376123,264.19,927.9379342772058,366.7777584574663,803.8388303298198,446.4376938514869,795.5201513437322
2025-06-13,1650.4572198199478,255.04871842611556,829.6728763098163,415.9111028281228,411.2702414680425,256.10675233211833,193.1492185827446,519.653952364515,314.9717514124294,461.51456636722355,261.61,918.8109294185256,363.04855194265735,789.6137934942763,442.1562366964666,785.7343694938518
2025-06-16,1675.614942936131,253.7702476261404,839.6490508690649,415.99030890369477,409.6119356431783,259.0134058194848,196.10897024191823,523.3646876078702,314.0442561205273,465.1330702711779,261.57,931.1976037476273,365.3723990030719,796.7142695228381,440.9650003040807,795.2113433610922
2025-06-17,1663.4720351598498,251.72221187860734,826.6023872081092,412.7009271770023,402.90853325708935,257.4442453820967,194.66923570969814,519.4166379012772,317.27871939736343,460.4147426748384,260.51,923.6354770736465,362.2029019107788,789.990366088632,438.6494252873563,788.7970398946529
2025-06-18,1669.4548805557527,252.3490349407311,825.1390465159665,412.2909192563947,402.17555168559767,257.4627787730895,193.35795332905158,518.1092509492579,315.12711864406776,458.8783477457813,260.87,927.5764066663182,362.4749318959021,783.3837696928482,437.7189381499726,787.8114509338428
2025-06-20,1665.0421776423054,253.0006826785825,823.5110071204253,414.862787122024,400.3275024042835,258.17013652931365,189.8148148148148,518.8125647221265,318.4322033898305,455.91470069683487,260.71,925.7081657175696,363.2040804497768,782.7819335826816,438.43846925743475,783.1641226329359
2025-06-23,1681.7998156943363,256.1844473406566,837.9243299337707,420.2627778036621,400.76677150209235,261.28992401309694,191.42046670948406,525.5264066275457,310.4378531073446,461.49777516581315,264.6,940.564233843582,365.6960142197492,792.2149495636404,443.6777808185854,792.6103084370421
2025-06-24,1708.8998369603744,257.20225904549125,843.9001235969031,420.1183431952663,405.55194552023494,265.19738061407304,194.08049668165276,530.0267518122196,305.73917137476457,464.96515825707337,265.69,953.2358114344426,368.3900384474197,799.37776266576,444.3764063735328,804.0699593820132
2025-06-25,1729.077762812788,253.67715509216163,834.3995833462891,414.2803895075246,405.9132378551192,264.17804410947053,195.0652965103832,525.1121850189852,304.4114877589454,461.27948954747706,259.16,952.9484701252111,367.0849514094167,792.5796214439533,438.5813872164447,806.57974293822
2025-06-26,1740.8059828453959,255.75622168435424,844.2465252946114,413.5349205609654,406.877550489954,266.17347253969234,198.5228002569043,530.9112875388333,308.9877589453861,466.30005876920495,257.51,964.0732807411663,369.43294885913554,796.1305678340701,439.624764337408,814.1964500992267
2025-06-27,1742.5958743886017,256.4140755911376,859.4906291781973,416.0974700647626,406.1835572999246,267.03836411935504,201.58959537572255,536.2702795995857,307.4387947269303,466.4008059776677,258.63,969.6107831356773,370.92718174616977,802.2268502776834,441.28390500516934,819.2827865051839
2025-06-30,1759.6370596157938,257.42568112704026,852.0636407450017,417.9751199739086,408.7333974475606,269.3365046024588,202.2800256904303,538.9756644804971,305.40489642184554,466.8709596171606,260.3,975.0657402086272,372.5612936880542,808.3650685707809,444.78007358754485,824.0562345827848
2025-07-01,1739.8277450910896,258.29454477750886,853.5707067566307,421.1433629967852,414.42830036649076,270.7697535058998,199.88225219439093,540.5721435968243,307.85310734463275,477.5081857106876,261.81,960.146631140832,376.28084004714157,812.5818882466282,447.53922641853677,815.1666450284698
2025-07-02,1762.4512653292693,256.05411779308633,860.0969536084076,421.1154079112892,410.40989785044053,270.51337493049977,200.0214086919289,541.1201242664825,313.08380414312614,483.8552598438419,262.24,965.4859551050972,376.8494368129214,812.481582228267,444.30266678829895,821.3789713819389
2025-07-03,1785.159849719997,257.95941165518525,866.5712159136842,421.93542375250433,410.8751592025576,273.43547291036015,201.24170413187753,545.5514325163962,313.86064030131826,483.8384686424313,262.55,976.2819776047925,378.8558511563206,817.1585628471042,446.6817186644773,830.4169371441291
2025-07-07,1770.702488126462,258.38763731148765,855.6442585740493,422.3827051204398,407.2908273334546,270.83770927287327,199.45407835581247,543.6960648947187,310.72975517890774,478.80110821929304,260.43,971.1516291381503,375.7760003091249,812.9641278476707,445.13280727361183,824.0818294786432
2025-07-08,1777.5643297653648,255.63209830571589,850.1936545816362,417.7701160136048,409.0453044992592,268.4005683573238,198.39434810533075,543.7262685536763,319.1854990583804,481.35337083368313,260.03,964.3264893857863,376.1249251337931,811.4357361441687,443.1798485677796,822.3033551570007
2025-07-09,1794.1872829091942,258.1828337367343,856.4400593887005,415.4731398220193,410.797182439633,269.1944152715142,200.24619995718263,547.527614773904,317.59416195856875,483.9476114515993,259.97,972.0585827978335,377.091327112193,813.3112320072539,443.81005595086054,829.8132314483373
2025-07-10,1791.9578932444886,260.1998386396078,864.8435799570909,415.95769463728277,413.3704156161464,270.92419843083957,199.29351316634552,550.392647566448,320.10828625235405,486.1892368398959,261.22,974.1351026592131,379.04596302092386,813.404454267256,445.4167426868576,830.3242020142071
2025-07-11,1788.0343092081946,259.88953019301186,867.7289652063058,414.3828914876765,409.75229381644266,268.21214554889724,198.8921001926782,548.6969278564032,321.6525423728813,482.53715053312067,261.04,972.3079602249968,377.4367742808014,806.9015640938456,443.04111171927264,828.2760539347515
2025-07-14,1783.6145176153684,260.80183702600385,870.9408328410186,414.9140381120999,409.3598107763886,270.0191511706925,200.347891243845,551.6784604763549,317.7919020715631,480.4046679539921,262.78,980.1330477334865,377.0119206321606,809.0697608523178,444.45280666545034,831.2797447929225
2025-07-15,1806.2947472885803,258.40004964935144,861.4091990298808,411.4895401388436,401.6531073740025,265.57113733242727,199.11153928494969,547.4628926475665,313.51694915254234,470.2543867013685,259.37,977.3000365707121,373.3764176278521,802.109543239261,439.4852672869914,832.1102806165031
2025-07-16,1811.1044162472535,258.5489977037175,861.2687921706414,412.24898662815076,406.5552465365321,267.3318094767406,198.80646542496254,549.3872972040042,310.8898305084746,471.66484761984714,262.14,978.4163140205144,374.7441024749319,804.4823189391363,442.26532567049804,834.4306990374095
2025-07-17,1827.2347061742396,259.498541550301,863.9163116818506,415.82257839071895,401.7388818132196,269.7874837832829,199.5290087775637,554.193993786676,312.21280602636534,474.4773738560994,261.73,985.201051843338,376.33957379392956,810.563583815029,443.5470260901295,839.7203108481557
2025-07-18,1825.3703834975547,263.9359523366226,872.3884810018345,414.2803895075246,399.31380448626305,269.9851732872058,199.095482766003,553.1368657231619,309.22787193973636,476.1313071950298,262.66,986.5865593925778,375.8584980389884,808.6920548566246,444.32395244176854,840.5015115826178
2025-07-21,1827.7876231658042,264.6993111152486,877.6346934174932,414.42948329683645,396.8679333558599,269.20368196701054,202.87946906444017,549.8101484294098,306.2523540489642,478.725547812946,263.59,987.8153353186007,375.95606561177766,808.559163549813,444.11413671471144,842.4986553406162
2025-07-22,1807.9818529807897,268.1064978588717,883.5327531793165,415.38927456553137,404.3978894289502,270.6801754494347,202.25326482551915,551.4627200552296,307.85310734463275,484.84594072705903,268.29,978.8109294185256,378.9443381827315,811.7853904567606,449.9950586875874,837.7626722555038
2025-07-23,1821.3865456865385,265.9964004220195,887.1721572712291,415.09574616782373,412.6244379175006,272.62309260517696,202.82594733461787,561.1063168795306,312.58003766478345,485.31609436655185,268.77,990.8249307768663,381.34179562974555,820.3298197891875,449.09117861704067,845.3912495131406
2025-07-24,1833.557808180336,265.61161794824056,876.2835810453655,413.74924288310115,410.89075455514256,272.5211589547167,203.86962106615286,560.1958923023818,314.8069679849341,481.68079926118713,268.49,990.8273688243386,380.87926737379,820.5791680834183,449.4811621966794,847.384869336202
2025-07-25,1837.892535620614,266.2880903618197,883.136990454277,414.3362996785165,412.9337457437683,274.48260950145175,203.48961678441447,565.6886434242319,313.5546139359699,487.31424733439684,268.53,996.3429287915992,382.0153016866631,825.5633004646945,450.6328680897646,851.4813509653727
2025-07-28,1852.0450840008505,263.5015205113883,889.2510532943627,410.64156921213254,409.51056585137627,272.6478037931673,203.12566902162277,564.0274421815672,317.1704331450094,480.3207119469398,263.83,999.1358863173291,380.54154832975905,822.9267256035362,445.2133886760323,854.5994769738672
2025-07-29,1848.1675763805204,266.5797803016198,882.7456974285625,413.7958346922611,406.687807033504,271.1157101377649,202.42453436095053,557.5768035899206,320.2024482109228,478.7171522122409,268.32,996.1099211117497,380.1350489769895,820.3666553326532,447.3248494800219,850.6849416696033
2025-07-30,1856.0856312468989,268.42301247439957,877.7231157302323,409.9007594464893,406.01200842149035,270.59368629146843,202.71890387497322,554.8671039005868,315.8804143126177,469.1713542103938,264.48,999.9063093185656,378.0005409687204,814.9243454607275,444.84735145654685,852.8187770091066
2025-07-31,1850.3898773658466,270.0179978899026,874.3722987469295,407.47798537017195,394.6715878668157,268.910236609625,206.94176835795332,554.8627890921643,313.9877589453861,464.51179581899083,259.89,1002.6710551521168,375.3894008771421,808.2364275189844,442.8898315392568,852.0090138546285
2025-08-01,1812.0507549443541,270.3283063364985,843.0027828736669,409.62120859152964,396.97710082395446,264.18731080496696,203.52172982230786,546.7466344494305,308.41807909604523,461.019225925615,259.22,981.4415826411018,370.57999574953146,801.6507990479429,442.29155263638023,836.0811988797598
2025-08-04,1851.0668462465446,275.02637621796066,848.7390589533907,411.3264688067838,402.5706339510826,266.48236238957185,208.7989723827874,551.7172937521575,307.0668549905838,467.5845856771053,261.32,998.2560994723368,374.08817790142774,811.6655332653293,446.568068478988,852.1664781052359
2025-08-05,1834.2879421563764,272.1405076646186,851.2411189017755,410.68816102129244,401.00849946715874,265.4228702044851,206.95247270391778,550.5220918191233,307.41525423728814,471.3374191923432,262.08,994.3855249638647,373.51938793253345,803.7005553666553,445.70257860487743,845.6225309271658
2025-08-06,1858.9069256397534,269.68286476757896,872.5713014209758,417.8120486418488,394.91591505731293,266.69240748748996,208.44037679297796,550.8629616845012,304.6092278719397,467.61816807992614,259.94,1008.3813106246627,374.46898123997755,810.0209679247422,446.9341056984735,855.1898288109502
2025-08-07,1866.5945984263133,272.5066716316018,873.5016790522683,420.86381214182546,390.3360798482052,263.66528695867055,207.73924213230572,550.1725923369003,303.4322033898305,469.4568046343715,260.99,1008.0727234731727,375.53681485345544,807.4334126714269,448.72552149851,851.8749188567614
2025-08-08,1889.4378677252428,271.27785018308197,875.1491519231369,422.35940921585984,393.86582798326094,266.0591832952369,210.2440590879897,550.1164998274077,305.3954802259887,472.0006716480565,258.85,1014.9556797798791,378.64487335535847,814.5809248554914,449.1729003223256,858.1738598215776
2025-08-11,1878.858013752038,270.30348166077084,876.356942414726,423.09555980058707,394.1335482026356,265.93871625378387,210.0834938985228,548.5459095616155,302.98022598870057,470.88405675426077,257.17,1013.9940441983179,377.57839216368166,811.8157089425365,448.2477345983093,856.2549845132334
2025-08-12,1905.3129651945844,271.49506609569914,884.0127600198999,423.8037552998183,397.04987913601747,269.20368196701054,213.83536715906658,554.5003451846737,304.4632768361582,476.25724120560824,257.74,1027.280706337182,381.68685639212504,819.2324039442366,447.8664933406313,866.3071016562495
2025-08-13,1901.6374849365563,271.960528765593,895.4090357886881,421.9400829334203,403.3426039040366,270.7017977389263,212.7970456005138,556.675008629617,308.1167608286253,484.30022668121904,259.38,1021.0023858035978,385.04472652099145,825.4714949563639,451.82372438119563,865.0123337722796
2025-08-14,1901.0243141702701,270.0304102277664,899.4453686141601,418.8370684433677,405.35960283835414,272.17829122135043,213.6855063155641,551.7604418363825,307.5800376647834,480.3878767525817,257.5,1023.3223621197081,384.7369539596978,820.7437946276777,449.08319649698956,866.0901014522323
2025-08-15,1886.7477139009004,269.03121702972754,897.0181275457853,419.12127847924336,412.06560444987394,269.1357262000371,214.7238278741169,548.7314463237832,306.79849340866286,480.28712954411895,259.25,1015.7860090904342,383.7809849494774,815.4709282556953,448.72552149851,863.275590259102
2025-08-18,1889.2287516835615,267.70309687829706,900.4500792885793,419.461398686111,411.13508174563975,269.4446160499166,213.2091629201456,550.9492578529514,305.0376647834275,477.5165813113928,256.78,1016.8946241053237,383.24755115052454,816.1192338206959,446.46962233169126,864.1424782536121
2025-08-19,1853.792443467782,270.34692484329423,897.0730271135848,423.6360247868425,413.66932654069086,269.8986841292395,210.74716334831942,551.9761822575078,304.46798493408664,480.06884392578286,261.41,1001.9197882381623,384.0300237639831,818.4551739771052,451.816882564009,853.2488825416847
2025-08-20,1839.5016658396542,270.669645627754,886.4803255495788,427.00927177002285,416.143789150833,271.26706616420586,209.56968529222863,551.4627200552296,307.0715630885122,480.983964402653,262.3,1000.9849711787958,383.7759616685021,819.1995353054517,455.03291674268684,849.8640502995347
2025-08-21,1832.3598213652797,268.7581455967231,880.4399155809831,421.96337883800027,414.61804382294076,270.42379687403474,208.93277670734318,549.598722816707,309.2467043314501,482.2517001091428,261.29,994.1462480190863,382.529608377287,815.5406324379463,453.1563583287721,845.9018491384908
2025-08-22,1856.6279152193947,270.1917706199963,908.4722179036722,420.4771001257979,418.0022353338705,274.887255204794,212.83986298437165,558.5131170176045,315.4143126177024,490.4625975988583,265.53,1008.9894293227452,387.9827662821925,822.586705202312,454.9458736240345,859.4341302372164
2025-08-25,1855.0435953781812,267.0700676472414,907.2556823481857,413.64674090294926,411.9902269123801,273.2841168839192,213.76578891029757,552.8175698998965,316.2476459510358,487.39820334144906,264.11,1007.0839210769204,385.1950385440213,815.7976311912047,449.75673538891925,857.9483279856075
2025-08-26,1864.8011625434183,267.6658598647055,911.1093405055813,411.7644318128873,414.2593507134874,275.3536788781121,213.1931064011989,558.517431826027,315.6026365348399,489.41314751070445,263.26,1016.0984274593804,385.93713170656304,818.3764025841551,449.2033083987107,863.1320362779828
2025-08-27,1873.8108740341675,267.8210140880035,911.5849748142159,412.67763127242233,414.11639331479216,275.8602582319145,213.0057803468208,558.4268208491543,319.2372881355932,490.3450591889849,264.4,1015.6853525590791,387.3167951467377,820.1898447240168,450.49375114030283,864.3173767086449
2025-08-28,1886.084922378961,265.499906907466,914.1365901246851,410.7580487350324,412.3775115015725,276.35139309322295,215.01819738813958,559.3588194684156,321.42184557438793,490.3786415918059,263.71,1020.0466711944691,387.5667999768156,820.7809135214779,447.473468953354,868.9162972717324
2025-08-29,1855.3094208548948,264.53174455408674,903.6692344765399,413.37650840982155,415.3900137758948,276.92901711249766,214.3277670734318,554.0386606834657,323.1591337099812,490.4542019981529,265.17,1007.7878202114135,387.58805231940335,818.2443613283463,448.95130146566925,858.5457276925645
2025-09-02,1837.3467073084287,263.5573760317756,895.1243353751439,413.67935516936126,415.6733293478543,274.95212207326864,213.4393063583815,548.166206420435,323.91242937853104,487.540928553438,260.56,1000.6600142799923,385.5153693077532,812.2447013487476,446.51029313385635,851.4283064710573
2025-09-03,1852.498759481109,263.02364550363063,898.9614750785113,413.7725387876811,413.98123359238946,274.51349848643974,221.4729180047099,545.5169140490162,316.454802259887,484.955083536227,260.03,1001.2047437437959,385.22054135512667,813.4231553893235,446.9314449917898,860.1205556688984
2025-09-04,1862.6710143900193,262.61403835412403,919.2043546531513,414.13595489912876,415.48618511683514,277.2595292518688,223.96167844144722,551.4411460131171,318.3427495291902,486.0633028293175,261.7,1015.9295055988017,387.9931992503719,818.9445200045336,448.49556042084777,868.1516033903964
2025-09-05,1858.8254058268944,261.7327623657916,918.0776989210534,414.77892186553606,416.8247862137083,272.1474022363625,225.19803040034253,549.2535381429065,311.79378531073445,488.62396104441274,264.27,1013.5910697804015,385.9156861608609,817.2376175903887,447.8482484948002,867.0359997774357
2025-09-08,1871.3156588927484,258.92757400856453,922.9506428593638,414.0940222708848,416.34652873443713,272.199913510842,224.48619139370584,550.3883327580255,311.33709981167607,489.75736713961885,262.48,1019.0481166083276,385.40717556367,818.2049756318711,446.70148391412755,871.4066064506558
2025-09-09,1871.5318636138088,260.7770123502762,923.7668488231087,415.724735591483,418.8339874717334,273.44782850435536,228.17383857846286,546.828615809458,313.01318267419964,482.0502056922172,262.27,1025.7670271494,385.55555555555554,816.5640938456309,446.5281578787326,875.4556076933064
2025-09-10,1904.4162472531368,265.1833922919382,909.1776530580516,411.33578716861575,415.02872144101053,272.5396923457095,226.18818240205522,550.8068691750086,318.5357815442561,483.16682058601293,262.08,1034.7749159744353,383.66950675244885,814.8251728437039,444.06206288390194,883.909898547768
2025-09-11,1907.7550152406607,266.4742754297772,924.634553496471,415.22154405255554,422.2025836300782,277.1019954284302,226.58959537572255,556.079565067311,318.42278719397365,493.4850138527412,266.36,1040.1177228636607,388.4702177399099,824.922362008387,450.2877364227939,888.4375985310757
2025-09-12,1916.3075069114625,267.9699621423695,929.8917944093778,414.15459162279274,417.4356041899514,275.74288008896025,227.06593877114108,551.5360717984122,316.57250470809794,488.7247082528755,265.11,1042.9866081535272,387.41861318804456,819.4786353847896,447.8300036489691,889.669862937478
2025-09-15,1932.086907209187,268.3733631229442,940.0754213177452,409.41154545030986,413.22485899202036,275.14672267869275,232.35923785056733,553.9911977908181,315.6167608286252,484.72000671648055,264.32,1048.3994218344567,387.17730249811626,819.3862631757905,444.18141458371343,897.8301834300871
2025-09-16,1921.017934358829,263.52013901818407,947.8162603774758,410.3853142617528,413.34182413640735,274.58763205041083,232.9961464354528,552.4292371418709,321.0828625235405,482.15095290068007,262.57,1047.9358445222297,387.0405146930968,819.4885526464922,441.10715806118105,895.9773355342472
2025-09-17,1907.6345076912173,264.289703965742,944.8929798513727,414.0614080044728,414.3191328983963,277.225551368382,232.85163776493255,549.9266482568174,321.97269303201506,483.9056334480732,262.41,1044.5504414607387,388.45205664715314,823.6436019494503,442.8248342759837,891.6703451601536
2025-09-18,1933.5613525200256,264.42623968224416,940.1089440626846,409.77962074267344,415.0599121461804,277.40470748131213,233.50995504174693,555.730065585088,320.58380414312614,483.2255897909496,262.56,1051.471361649513,389.40338878262713,825.9911594695683,440.9916073709177,897.6907097946844
2025-09-19,1956.4825972921246,266.1391423074536,943.3514194210379,408.76857848390256,414.4334988173524,278.0193982825724,234.71419396274888,556.8950638591648,316.4877589453861,484.2750398791034,261.33,1055.3697995576686,390.2801445159296,829.5307718463107,440.8160007297938,904.0501140642099
2025-09-22,1990.593322464025,268.59057903556135,939.2597011908833,405.14373573125846,414.264549164349,277.6209303762278,232.55726825090986,558.9834311356576,315.9086629001883,484.2918310805138,262.17,1058.504432022012,390.8657431557797,833.8354301258075,440.089627805145,910.1980822375134
2025-09-23,1967.9839795846035,270.0366163966983,925.7519783277883,406.58808181521687,415.26005250435367,276.3915487737073,231.35302932990794,559.0610976872628,321.32297551789077,482.9905129712031,264.3,1053.887118402034,391.04464923974575,830.5097472515017,442.39570029799916,900.755420368344
2025-09-24,1957.825902034451,272.00397194811643,932.2102080159199,407.1332059823883,413.76289865620043,275.75214678445667,229.453007921216,556.2305833620986,325.27306967984936,475.3253295273277,261.63,1048.0504327534263,390.3775188856044,826.9896860478295,443.15172109712336,897.3429530574772
2025-09-25,1958.4532501594954,269.378762489915,918.552847392805,404.7430461724829,406.83856210849166,275.0046333477482,227.9865125240848,552.5629962029685,328.0885122410546,469.57434304424476,260.93,1043.1638890340107,388.9008674819838,820.5256148702256,440.32262969044575,891.9353821614704
2025-09-26,1962.5008860849225,273.65481288400673,931.8604054600291,404.30042398546334,410.83097237023367,276.96608389448323,228.2862342110897,557.3740075940628,331.2806026365348,474.4941650575098,263.64,1045.1432352889956,391.7857763867153,824.4806188371302,444.72153804050356,896.077304004303
2025-09-29,1972.1911107960589,274.4616148451561,937.0170781381177,404.77100125797887,412.0032230395342,278.28195465497004,227.24791265253694,559.1042457714877,324.9670433145009,476.5342960288809,264.03,1046.2365254340596,392.4762843177032,826.485889153349,446.02148330596606,899.0900829052061
2025-09-30,1989.0834337562912,275.0449947247564,931.8215385093748,405.86124959232166,422.1012138382762,277.0309507629579,226.182830229073,563.5614428719365,321.4783427495292,479.14532784820756,264.79,1049.4449959075632,393.7471744044514,830.1702935509464,448.6399987836769,903.4056049112525
2025-10-01,2003.1792727014958,277.58952398684295,938.2302128354218,404.9433909518707,434.8010292932706,274.47952060295296,224.3577392421323,561.749223334484,321.35122410546137,473.5454621778188,264.64,1045.0276021803109,394.76593442686294,835.3689221353281,445.71702244116034,907.0870040988927
2025-10-02,2012.951017225491,277.02476261403837,931.7802423743042,402.818804454177,433.97187638083847,274.22314202755297,224.93577392421324,563.1040731791509,318.06026365348396,478.540844597431,263.21,1046.9574909008586,394.67223091636237,837.9148248894933,443.9598157270571,908.2892223232005
2025-10-03,2006.567661444673,280.2023211071805,924.2750342029166,402.5765270465452,438.8688170925064,276.2525483412615,223.49603939199315,563.8807386952019,320.1977401129943,479.5063386785325,264.2,1040.519652404089,396.11970864970334,837.7884506403717,445.8044456607675,905.6434890665282
2025-10-06,2017.9379031686399,282.93924160615654,933.9324997667984,400.1863672366398,436.76344449354093,275.9467473898808,225.4549347034896,566.5429754918882,321.8549905838041,479.56510788346907,261.59,1043.137767096808,397.0078633667575,838.2117760398958,444.8914431673052,910.0055641077954
2025-10-07,2007.4395690082938,284.13082604108484,920.5967631603495,403.6248427526441,437.0987445741169,276.3297708037314,223.817169770927,563.3284432171212,322.316384180791,478.18822936781135,260.82,1043.8733608484406,396.27446434436524,834.5732743964638,445.9815727057106,905.0520244078863
2025-10-08,2037.9775997731624,286.09197542357106,925.7957036472746,401.5282113404464,437.87591297793256,274.8810774077964,223.85998715478485,568.1178805661029,320.46610169491527,480.6817227772647,259.51,1051.6987966494262,397.3403659266987,836.7239034342059,444.7903363133248,912.6928427026728
2025-10-09,2036.5811299354932,285.44032768571964,923.9432076117037,403.9696221404277,437.184519013334,273.97603014764934,223.74223934917575,559.9456334138764,316.304143126177,473.36915456300903,258.38,1055.3109381258382,394.7185996638265,833.0001133401338,441.7385057471264,913.0851123022425
2025-10-10,1955.7170199191892,284.1804753925402,893.5123285967476,404.98532358011465,430.6916538871416,268.0484339284611,218.57739242132305,547.4887814981014,307.4482109227872,464.738477038032,255.48,1026.3110600282118,385.88264842829267,817.8547546186104,441.74306695858417,884.7797540664354
2025-10-13,2004.0653576238747,286.3091913361882,913.9782073007681,403.5176815915762,430.31996465053413,270.5751529004757,222.48983087133377,553.2059026579219,311.82203389830505,472.0510452522878,256.75,1049.5397314664854,389.3836820649549,826.7757565453927,440.87605668065436,903.3731476157798
2025-10-14,1972.102502303821,288.94060696332156,911.6238417648705,410.45054279457673,431.4740207418189,273.59609563229753,223.0036394776279,559.6953745253711,311.6101694915254,476.1564939971455,259.47,1044.5302404959684,391.8097335729052,832.9032075257849,445.2016055464331,896.1828365821541
2025-10-15,1986.5492308782875,292.65810215354065,912.5605352756445,411.06089549457204,431.6013827879292,273.37678383888306,225.84029115821022,557.0633413876424,311.34651600753295,473.8141214003862,263.35,1049.74417916166,393.1300836569485,832.5167176697267,443.9894636015325,900.2798746221043
2025-10-16,1989.1011554547388,289.6356978836964,904.5738627530238,407.8646973861995,431.12052608322716,265.8707604868104,224.83408263755084,553.7495685191577,307.86252354048963,471.17790277894386,262.55,1041.7034985981227,389.98357773527306,827.1911481355547,439.5156753633765,895.8940593875772
2025-10-17,1996.5088254058269,288.524793644883,910.3917594291223,412.9012719563901,433.8575104618823,268.1133007969358,226.53607364590025,554.0127718329306,310.32956685499056,469.5155738393082,264.27,1042.6957839193353,392.4119476805966,832.4155616003626,443.1281548379249,899.9052246972199
2025-10-20,2019.2138654568655,288.3634332526531,919.5318087124157,412.4959232166985,438.4971278558989,271.20219929573113,229.98287304645686,560.5842250604073,313.3521657250471,475.35051632944345,267.12,1050.0416209532766,397.1744044513997,840.7123427405644,445.1164629325549,908.4144147485952
2025-10-21,2016.1232012476078,285.5210078818346,931.6412930257144,411.116805665564,439.414654432979,270.83770927287327,228.0293299079426,565.5203658957544,312.7118644067796,472.0258584501721,266.17,1045.9700816745903,398.27141173515713,846.0906154369261,444.7508058140242,906.3818461709666
2025-10-22,2000.1240518891332,284.80729845466396,922.3078806629147,413.74458370218514,442.1126504301718,269.302526718972,226.02226503960608,558.0945806006214,316.83145009416194,470.55662832675677,267.28,1035.0747958135241,396.29648949941065,837.6895613736823,445.8778051450465,901.2573028914815
2025-10-23,2019.54703338768,284.60249487991064,929.1382614035633,412.06261939151096,442.2504093780053,269.9697287947118,225.94733461785484,565.1881256472213,320.92278719397365,475.1490219125179,267.09,1042.200163697473,397.6717092679534,844.1712002720162,443.24408562914306,908.2864402693028
2025-10-24,2051.3610264407744,287.9724446099423,928.0281241254936,410.4691795182407,442.14124190991083,272.9196268610613,228.82145150931277,565.5246807041768,317.683615819209,472.2525396692133,268.08,1054.0476812427078,399.7820668869182,844.251955117307,442.4333302925257,917.4301240796038
2025-10-27,2092.8333451477993,288.76062806429593,942.2063018873791,409.3556352793179,443.37327476412025,273.91425217767346,234.0772853778634,568.8988608905764,318.62994350282486,471.05196876836544,268.8,1065.1704021036867,402.82115187696826,849.4446333446673,443.6325488049626,932.2712688020476
2025-10-28,2127.146097682002,283.9570533109911,945.091687136594,405.4559008526301,440.3477763626439,272.1628467288565,233.46178548490687,564.7350707628582,315.2919020715631,471.70682562337333,262.82,1069.0559531894885,401.26760563380276,844.1791340813783,438.3765128018001,939.116419682104
2025-10-29,2149.5711348975688,283.90740395953577,940.3824702279159,397.33028933513486,436.08504665609644,267.54494347315745,235.9023763648041,566.1589575422852,317.81544256120526,463.28603811602727,255.83,1075.0190690141583,398.5498174230568,839.652895840417,429.7493614303959,944.2151825954709
2025-10-30,2119.306018288793,282.77788121392666,916.3529779857593,397.33028933513486,437.0623554180854,268.3943905603262,230.84457289659602,564.7652744218158,315.6403013182674,458.6348753253295,257.48,1055.4317956219631,396.7895438474468,839.7866371982318,432.909900869671,930.7003357011703
2025-10-31,2112.472531367406,280.59951591882333,953.7667905226829,395.42468434049295,436.6776700543238,268.87008092914067,230.12738171697708,565.9777355885399,317.67419962335214,454.70573419528165,257.6,1054.278947460077,397.7252265306516,838.3778193358268,431.25988262482514,933.332529628874
2025-11-03,2120.776919259942,280.7608763110532,970.0122042225055,393.57498951684295,437.228705845658,267.70556619509483,229.38342967244702,563.5959613393165,317.0668549905838,452.1618671815969,257.18,1052.489420615433,397.0126934446183,835.4020741244474,429.1628656571185,937.5964909026837
2025-11-04,2072.627064577869,279.7368584372867,952.0199154255154,395.6296883007967,438.9701868843085,269.166615185025,225.87775636908586,557.1151190887125,314.1101694915254,450.1721098144573,257.97,1033.523152743674,395.2844915860043,828.9813555479996,432.4526394210302,921.0147077916057
2025-11-05,2071.003757000071,279.8361571401974,962.6702372438668,394.64660112752176,440.914407506563,269.93575091122506,229.56540355384286,559.328615809458,314.68926553672316,452.5984384182688,257.82,1037.1589781098166,396.7443343186692,834.6361781706902,432.2967980295566,924.3505758851568
2025-11-06,2029.6519458424896,278.6321603674052,938.6222832001492,393.63089968783487,441.75135809528757,269.0646815345648,228.03468208092485,557.0201933034174,317.42937853107344,450.7681974645286,256.71,1022.6268220051198,394.0698236055565,828.5509463901168,431.2389770723104,910.6688057569969
2025-11-07,2022.9850428865104,282.4613665983988,938.991033394484,398.56031309695754,442.2945962103293,270.9581763143263,226.12395632626846,559.626337590611,322.3728813559322,456.5359751490219,260.14,1026.3093185657315,395.98079561042516,831.6468321432618,436.23768472906403,909.128289778734
2025-11-10,2077.1141986247962,282.13243964500714,952.9515562327042,397.218468993151,445.8165466690926,271.84469018348057,231.8507814172554,562.8926475664481,325.32956685499056,461.32146755100325,259.77,1045.391916131167,398.55136304797236,835.6820242547886,436.6060025542784,929.842164808873
2025-11-11,2062.057843623733,282.28138769937317,954.7355492677467,402.00344779387785,456.19005536350164,272.97831593253846,232.88375080282594,562.9271660338281,329.52448210922785,466.2580807656788,262.58,1041.123591592219,402.0682393400181,840.1867278703389,440.63735328103144,926.6550438637166
2025-11-12,2067.2928333451478,282.94544777508844,944.6848959143061,401.1275217816708,462.4022041431653,275.4463458330759,230.13273388995933,563.4492578529513,324.8352165725047,469.79262866258085,260.55,1041.5276108876235,403.78864545296466,842.1829309758585,441.03379857690203,924.4449802474174
2025-11-13,2018.2781597788332,278.9859119965246,918.8818075464071,401.1182034198388,462.30863202765573,271.8416012849818,226.12395632626846,554.8671039005868,325.8474576271186,466.27487196708927,257.13,1018.8551625655224,399.8733399022392,833.4514904227586,440.4127136167366,903.8687241500827
2025-11-14,2033.2671723257959,279.0417675169118,913.2659704300239,400.92717700228303,459.41049567228964,269.1913263730154,224.31492185827446,554.7635484984467,330.3201506591337,460.7757535051634,257.85,1019.8171464395799,398.8772967020228,830.8015980958858,439.47576476312105,904.9290576256097
2025-11-17,2004.1468774367336,281.37528703531314,905.9424652529461,398.5556539160416,459.14797390377663,264.005065793538,226.8572040248341,549.0507421470487,324.1242937853107,453.7150533120644,256.37,1008.61362171952,394.5054966286056,821.4875892553554,438.63764215775706,898.0028562420016
2025-11-18,1970.4012192528533,280.1526717557252,883.3199566244831,399.15202907328893,461.6432303173654,263.51084203373074,227.10875615499893,546.4316534345876,326.11581920903956,453.7402401141802,257.3,1002.9928774184559,392.8105257056743,817.7380142808568,438.56162196679435,887.6157798097075
2025-11-19,1988.6333026157229,277.887420095575,883.7382621809022,396.7339141778875,460.98302705793674,264.6104898993019,228.7358167415971,548.3905764584052,321.8785310734463,455.82234908907725,255.27,1010.2819427755428,391.59991499062966,821.7885073104385,436.1312564617162,896.0561603946808
2025-11-20,1935.7233997306303,276.43517656550614,868.4509188147135,401.1275217816708,458.11868063317127,262.2413047507259,226.27916934275316,539.0490162236797,318.44632768361583,448.44261606917973,254.32,990.429967086359,386.61836588805807,810.2096792474214,436.5330231709542,879.9872025520709
2025-11-21,1937.0525271141987,276.46620741016574,883.5492716333448,404.21655872897543,467.7955969121202,265.1016247606104,231.1389424106187,545.5039696237487,320.10828625235405,457.8372932583327,257.63,989.0670985493617,392.0176201240364,823.5126940949789,441.3439609560299,885.5826548212996
2025-11-24,1985.205926135961,279.5754980450568,899.9958218028047,398.86315985649725,469.9893431757336,266.33409526162967,240.24298865339327,547.0573006558509,319.09133709981165,459.1134245655277,258.11,1012.1261515420649,393.9608570490156,826.5799614643546,440.0729033631332,907.1198323348851
2025-11-25,1984.6600978237755,278.6073356916775,917.2746105531545,404.8036155243908,480.1471161593845,269.5063940198925,244.16613144936844,553.9092164307905,316.9067796610169,464.7300814373268,260.01,1020.7794786061335,398.00092737494924,837.5379689448034,443.91952502584684,914.4449802474172
2025-11-26,2009.9525058481606,282.293800037237,922.2126566338111,408.7452825793226,478.9436747849141,271.6222894915673,242.96724470134873,557.136693130825,319.04896421845575,470.3383427084208,261.31,1032.4051338313916,400.77474448888114,841.4170350221013,445.78468041111717,920.7153587922177
2025-11-28,2020.4083079322322,284.3356296158382,930.5039488821865,411.0189628663281,476.57318119200477,273.5466732563168,244.72810961250266,560.2865032792545,323.27212806026364,472.75627571152717,262.34,1040.1765842954912,403.6928843292954,845.2955343987306,447.1572249589491,924.173451787006
2025-12-01,2021.7338909761113,277.65779184509404,930.6764209757159,410.24087965335696,469.4694980895693,271.18366590473835,242.25540569471204,551.9244045564378,326.2241054613936,471.12752917471244,258.69,1029.1757658081256,401.5831063196739,839.5361555026635,441.543513957307,919.1787376894115
2025-12-02,2038.6793790316865,275.65319928008444,930.5982012375237,408.60084797092674,466.7377121617758,271.05393216778896,243.14386640976235,556.7354159475319,322.0527306967985,467.24036604819077,258.17,1031.779600508507,401.94594176858124,842.7946843477276,438.5353950009122,922.6270007604282
2025-12-03,2030.1587864180904,274.7595109538882,938.2914282827027,409.23915575641803,468.8924700439269,274.5042317909433,243.36330550203382,562.0037970314119,327.9613935969868,469.64150784988664,258.7,1033.5767897880642,403.86502830425616,846.912331406551,438.238156054248,924.0026336776898
2025-12-04,2038.9664705465373,274.1699249053559,933.7930645813252,406.25727997018123,465.4614924752424,275.15907827268796,244.3695140226932,564.8688298239559,329.2231638418079,467.4082780622954,258.39,1042.6738414920849,402.8056956278135,845.368072084325,436.9439123031077,927.8489159263313
2025-12-05,2048.1959310980365,271.47024141997144,937.9144188613537,405.1903275404184,463.5458633327268,275.25174522765184,246.6977092699636,563.2939247497411,327.80131826741996,465.57803710855507,258.4,1045.9007714678787,402.8483935161035,847.289187351241,435.4850848385331,931.0518018435745
2025-12-08,2067.2006805132205,267.93272512877803,923.5958342402289,401.54684806411035,457.6768123099316,274.17063075307345,242.3303361164633,562.5000000000001,324.4067796610169,457.82889765762746,256.71,1046.8038939101057,401.4695028883865,841.7270202878839,431.4773003709785,927.7704620064173
